label,roll,pitch,yaw,gx,gy,gz,ax,ay,az,flex0,flex1,flex2,flex3,flex4,index_inside,middle_fingerprint,middle_inside_to_ring,ring_tape
F,-0.0519308982162452,4.322127369280894,-0.5484730338816501,1.7245576388644603,5.596510359869139,2.6860027438702647,-0.94580078125,-0.177734375,-0.022705078125,711,935,612,292,578,0,0,0,0
F,-0.0696576759387127,4.315088583020068,-0.5692122972394359,-0.9777324374714176,-4.4187568157033805,-2.023920920251873,-0.953125,-0.163818359375,-0.001220703125,704,912,620,300,580,0,0,0,0
F,-0.1142502289549268,4.32241373114239,-0.5940199542433752,-3.527350758082104,-2.960741548527808,-2.420867485137369,-0.925048828125,-0.186767578125,-0.02294921875,701,892,625,303,581,0,0,0,0
F,-0.0821205667294416,4.377432330763014,-0.5903992588357332,3.923030921307208,1.8026172300981465,0.4188271713511807,-0.93505859375,-0.1865234375,-0.007080078125,694,881,621,307,573,0,0,0,0
F,-0.1132469782989971,4.404660084870265,-0.6029154153763695,-2.3746790023569133,-0.991275899672846,-1.1994934393358423,-0.947509765625,-0.1640625,-0.02734375,691,872,630,307,577,0,0,0,0
F,-0.1390002886228522,4.422466332194891,-0.6302531569047365,-1.534984345868364,-1.892039258451472,-2.665142294297674,-0.927490234375,-0.20947265625,-0.01318359375,695,867,624,308,574,0,0,0,0
